simulation,seed,heritability,samples,SNPs,explained_var,causal_marker,causal_beta,distribution,shape
3,45,90,1000,5,[0.03004511 0.06890119 0.07077247 0.07582173 0.08306076],"['Chr1_24251640' 'Chr3_3497793' 'Chr5_26323922' 'Chr1_17328220'
 'Chr4_10242761']","[0.5057952168608765, 1.1033811825081985, 0.9158938563993269, 0.8875589542596679, 1.0477258013042494]",normal,
