simulation,seed,heritability,samples,SNPs,explained_var,causal_marker,causal_beta,distribution,shape
2,44,70,1000,5,[0.04785627 0.05161435 0.0815699  0.09401936 0.1123551 ],"['Chr1_24773575' 'Chr4_8459341' 'Chr2_6008532' 'Chr5_14087016'
 'Chr3_17446966']","[0.7502547715644489, 0.8403093338267312, 1.4502083088731421, 1.2718669848674788, 1.26955794398692]",gamma,1.0
